{
    "code": 200,
    "data": {
        "follower": {
            "grow": -33000,
            "rank": 0.00050731945845175876
        },
        "favorited": {
            "grow": -2000,
            "rank": 0.028752177500687631
        },
        "aweme": {
            "grow": 0,
            "rank": 0.51126799303199777
        },
        "avg_favorited_follower_rate": {
            "rate": 0,
            "rank": 0.59245133094954305
        },
        "easy_rate": {
            "easy_rate": 6259,
            "rank": 0.99997555086947221
        }
    },
    "message": "success"
}